/*
 Navicat Premium Dump SQL

 Source Server         : PostgreSQL
 Source Server Type    : PostgreSQL
 Source Server Version : 180003 (180003)
 Source Host           : localhost:5432
 Source Catalog        : petclinic
 Source Schema         : public

 Target Server Type    : PostgreSQL
 Target Server Version : 180003 (180003)
 File Encoding         : 65001

 Date: 18/04/2026 18:10:14
*/


-- ----------------------------
-- Sequence structure for appointments_id_seq
-- ----------------------------
DROP SEQUENCE IF EXISTS "public"."appointments_id_seq";
CREATE SEQUENCE "public"."appointments_id_seq" 
INCREMENT 1
MINVALUE  1
MAXVALUE 9223372036854775807
START 1
CACHE 1;

-- ----------------------------
-- Sequence structure for cart_items_id_seq
-- ----------------------------
DROP SEQUENCE IF EXISTS "public"."cart_items_id_seq";
CREATE SEQUENCE "public"."cart_items_id_seq" 
INCREMENT 1
MINVALUE  1
MAXVALUE 9223372036854775807
START 1
CACHE 1;

-- ----------------------------
-- Sequence structure for carts_id_seq
-- ----------------------------
DROP SEQUENCE IF EXISTS "public"."carts_id_seq";
CREATE SEQUENCE "public"."carts_id_seq" 
INCREMENT 1
MINVALUE  1
MAXVALUE 9223372036854775807
START 1
CACHE 1;

-- ----------------------------
-- Sequence structure for medical_records_id_seq
-- ----------------------------
DROP SEQUENCE IF EXISTS "public"."medical_records_id_seq";
CREATE SEQUENCE "public"."medical_records_id_seq" 
INCREMENT 1
MINVALUE  1
MAXVALUE 9223372036854775807
START 1
CACHE 1;

-- ----------------------------
-- Sequence structure for order_items_id_seq
-- ----------------------------
DROP SEQUENCE IF EXISTS "public"."order_items_id_seq";
CREATE SEQUENCE "public"."order_items_id_seq" 
INCREMENT 1
MINVALUE  1
MAXVALUE 9223372036854775807
START 1
CACHE 1;

-- ----------------------------
-- Sequence structure for orders_id_seq
-- ----------------------------
DROP SEQUENCE IF EXISTS "public"."orders_id_seq";
CREATE SEQUENCE "public"."orders_id_seq" 
INCREMENT 1
MINVALUE  1
MAXVALUE 9223372036854775807
START 1
CACHE 1;

-- ----------------------------
-- Sequence structure for pet_services_id_seq
-- ----------------------------
DROP SEQUENCE IF EXISTS "public"."pet_services_id_seq";
CREATE SEQUENCE "public"."pet_services_id_seq" 
INCREMENT 1
MINVALUE  1
MAXVALUE 9223372036854775807
START 1
CACHE 1;

-- ----------------------------
-- Sequence structure for pets_id_seq
-- ----------------------------
DROP SEQUENCE IF EXISTS "public"."pets_id_seq";
CREATE SEQUENCE "public"."pets_id_seq" 
INCREMENT 1
MINVALUE  1
MAXVALUE 9223372036854775807
START 1
CACHE 1;

-- ----------------------------
-- Sequence structure for products_id_seq
-- ----------------------------
DROP SEQUENCE IF EXISTS "public"."products_id_seq";
CREATE SEQUENCE "public"."products_id_seq" 
INCREMENT 1
MINVALUE  1
MAXVALUE 9223372036854775807
START 1
CACHE 1;

-- ----------------------------
-- Sequence structure for users_id_seq
-- ----------------------------
DROP SEQUENCE IF EXISTS "public"."users_id_seq";
CREATE SEQUENCE "public"."users_id_seq" 
INCREMENT 1
MINVALUE  1
MAXVALUE 9223372036854775807
START 1
CACHE 1;

-- ----------------------------
-- Table structure for appointment_services
-- ----------------------------
DROP TABLE IF EXISTS "public"."appointment_services";
CREATE TABLE "public"."appointment_services" (
  "appointment_id" int8 NOT NULL,
  "service_id" int8 NOT NULL
)
;

-- ----------------------------
-- Records of appointment_services
-- ----------------------------
INSERT INTO "public"."appointment_services" VALUES (1, 10);
INSERT INTO "public"."appointment_services" VALUES (1, 11);
INSERT INTO "public"."appointment_services" VALUES (2, 10);
INSERT INTO "public"."appointment_services" VALUES (2, 11);

-- ----------------------------
-- Table structure for appointments
-- ----------------------------
DROP TABLE IF EXISTS "public"."appointments";
CREATE TABLE "public"."appointments" (
  "appointment_date" date NOT NULL,
  "appointment_time" time(0) NOT NULL,
  "created_at" timestamp(6) NOT NULL,
  "doctor_id" int8,
  "id" int8 NOT NULL GENERATED BY DEFAULT AS IDENTITY (
INCREMENT 1
MINVALUE  1
MAXVALUE 9223372036854775807
START 1
CACHE 1
),
  "pet_id" int8 NOT NULL,
  "updated_at" timestamp(6),
  "user_id" int8 NOT NULL,
  "booking_code" varchar(255) COLLATE "pg_catalog"."default" NOT NULL,
  "notes" text COLLATE "pg_catalog"."default",
  "status" varchar(255) COLLATE "pg_catalog"."default" NOT NULL
)
;

-- ----------------------------
-- Records of appointments
-- ----------------------------
INSERT INTO "public"."appointments" VALUES ('2026-04-24', '12:00:00', '2026-04-15 14:59:03.240285', 3, 1, 1, '2026-04-15 14:59:24.133364', 4, 'BK-20260415-145903-3b33', '', 'CONFIRMED');
INSERT INTO "public"."appointments" VALUES ('2026-04-24', '12:00:00', '2026-04-15 14:59:03.2465', 3, 2, 2, '2026-04-15 14:59:24.135359', 4, 'BK-20260415-145903-3b33', '', 'CONFIRMED');

-- ----------------------------
-- Table structure for cart_items
-- ----------------------------
DROP TABLE IF EXISTS "public"."cart_items";
CREATE TABLE "public"."cart_items" (
  "quantity" int4 NOT NULL,
  "cart_id" int8 NOT NULL,
  "created_at" timestamp(6) NOT NULL,
  "id" int8 NOT NULL GENERATED BY DEFAULT AS IDENTITY (
INCREMENT 1
MINVALUE  1
MAXVALUE 9223372036854775807
START 1
CACHE 1
),
  "product_id" int8 NOT NULL,
  "updated_at" timestamp(6)
)
;

-- ----------------------------
-- Records of cart_items
-- ----------------------------

-- ----------------------------
-- Table structure for carts
-- ----------------------------
DROP TABLE IF EXISTS "public"."carts";
CREATE TABLE "public"."carts" (
  "created_at" timestamp(6) NOT NULL,
  "id" int8 NOT NULL GENERATED BY DEFAULT AS IDENTITY (
INCREMENT 1
MINVALUE  1
MAXVALUE 9223372036854775807
START 1
CACHE 1
),
  "updated_at" timestamp(6),
  "user_id" int8 NOT NULL
)
;

-- ----------------------------
-- Records of carts
-- ----------------------------
INSERT INTO "public"."carts" VALUES ('2026-04-15 14:52:25.731871', 1, '2026-04-15 14:52:25.731871', 4);
INSERT INTO "public"."carts" VALUES ('2026-04-15 14:59:17.67158', 2, '2026-04-15 14:59:17.67158', 2);
INSERT INTO "public"."carts" VALUES ('2026-04-15 14:59:37.475225', 3, '2026-04-15 14:59:37.475225', 3);

-- ----------------------------
-- Table structure for medical_records
-- ----------------------------
DROP TABLE IF EXISTS "public"."medical_records";
CREATE TABLE "public"."medical_records" (
  "follow_up_date" date,
  "appointment_id" int8 NOT NULL,
  "created_at" timestamp(6) NOT NULL,
  "id" int8 NOT NULL GENERATED BY DEFAULT AS IDENTITY (
INCREMENT 1
MINVALUE  1
MAXVALUE 9223372036854775807
START 1
CACHE 1
),
  "updated_at" timestamp(6),
  "diagnosis" text COLLATE "pg_catalog"."default",
  "notes" text COLLATE "pg_catalog"."default",
  "prescription" text COLLATE "pg_catalog"."default",
  "treatment" text COLLATE "pg_catalog"."default"
)
;

-- ----------------------------
-- Records of medical_records
-- ----------------------------
INSERT INTO "public"."medical_records" VALUES ('2026-04-30', 2, '2026-04-15 14:59:03.252062', 2, '2026-04-15 15:03:52.489468', 'ựa', '......', ',,,,,', 'ko biết');
INSERT INTO "public"."medical_records" VALUES ('2026-04-16', 1, '2026-04-15 14:59:03.248261', 1, '2026-04-15 15:33:54.592986', 'bệnh gì đó ', '????????', 'thuốc ... ', 'điều trị gì đó');

-- ----------------------------
-- Table structure for order_items
-- ----------------------------
DROP TABLE IF EXISTS "public"."order_items";
CREATE TABLE "public"."order_items" (
  "price" numeric(10,2) NOT NULL,
  "quantity" int4 NOT NULL,
  "created_at" timestamp(6) NOT NULL,
  "id" int8 NOT NULL GENERATED BY DEFAULT AS IDENTITY (
INCREMENT 1
MINVALUE  1
MAXVALUE 9223372036854775807
START 1
CACHE 1
),
  "order_id" int8 NOT NULL,
  "product_id" int8 NOT NULL,
  "updated_at" timestamp(6)
)
;

-- ----------------------------
-- Records of order_items
-- ----------------------------

-- ----------------------------
-- Table structure for orders
-- ----------------------------
DROP TABLE IF EXISTS "public"."orders";
CREATE TABLE "public"."orders" (
  "total_amount" numeric(10,2) NOT NULL,
  "created_at" timestamp(6) NOT NULL,
  "id" int8 NOT NULL GENERATED BY DEFAULT AS IDENTITY (
INCREMENT 1
MINVALUE  1
MAXVALUE 9223372036854775807
START 1
CACHE 1
),
  "updated_at" timestamp(6),
  "user_id" int8 NOT NULL,
  "notes" text COLLATE "pg_catalog"."default",
  "order_number" varchar(255) COLLATE "pg_catalog"."default" NOT NULL,
  "payment_method" varchar(255) COLLATE "pg_catalog"."default" NOT NULL,
  "payment_status" varchar(255) COLLATE "pg_catalog"."default" NOT NULL,
  "shipping_address" varchar(255) COLLATE "pg_catalog"."default" NOT NULL,
  "status" varchar(255) COLLATE "pg_catalog"."default" NOT NULL
)
;

-- ----------------------------
-- Records of orders
-- ----------------------------

-- ----------------------------
-- Table structure for pet_services
-- ----------------------------
DROP TABLE IF EXISTS "public"."pet_services";
CREATE TABLE "public"."pet_services" (
  "duration" int4 NOT NULL,
  "price" numeric(10,2) NOT NULL,
  "created_at" timestamp(6) NOT NULL,
  "id" int8 NOT NULL GENERATED BY DEFAULT AS IDENTITY (
INCREMENT 1
MINVALUE  1
MAXVALUE 9223372036854775807
START 1
CACHE 1
),
  "updated_at" timestamp(6),
  "category" varchar(255) COLLATE "pg_catalog"."default" NOT NULL,
  "description" text COLLATE "pg_catalog"."default",
  "image_url" varchar(255) COLLATE "pg_catalog"."default",
  "title" varchar(255) COLLATE "pg_catalog"."default" NOT NULL
)
;

-- ----------------------------
-- Records of pet_services
-- ----------------------------
INSERT INTO "public"."pet_services" VALUES (30, 150000.00, '2026-02-06 21:04:28.699367', 1, '2026-02-06 21:04:28.699367', 'medical', 'Khám sức khỏe tổng quát cho thú cưng, kiểm tra tim mạch, hô hấp', '/assets/khamtongquat.jpg', 'Khám tổng quát');
INSERT INTO "public"."pet_services" VALUES (15, 200000.00, '2026-02-06 21:04:28.699367', 2, '2026-02-06 21:04:28.699367', 'medical', 'Tiêm vaccine phòng bệnh cho chó mèo theo lịch', '/assets/tiemphong.jpg', 'Tiêm phòng');
INSERT INTO "public"."pet_services" VALUES (30, 300000.00, '2026-02-06 21:04:28.699367', 3, '2026-02-06 21:04:28.699367', 'medical', 'Siêu âm chẩn đoán bệnh lý nội tạng', '/assets/sieuam.jpg', 'Siêu âm');
INSERT INTO "public"."pet_services" VALUES (45, 250000.00, '2026-02-06 21:04:28.699367', 4, '2026-02-06 21:04:28.699367', 'medical', 'Xét nghiệm công thức máu, sinh hóa máu', '/assets/xetnghiem.jpg', 'Xét nghiệm máu');
INSERT INTO "public"."pet_services" VALUES (45, 100000.00, '2026-02-06 21:04:28.699367', 5, '2026-02-06 21:04:28.699367', 'grooming', 'Dịch vụ tắm gội, sấy khô cho thú cưng', '/assets/tamgoi.jpg', 'Tắm gội cơ bản');
INSERT INTO "public"."pet_services" VALUES (60, 150000.00, '2026-02-06 21:04:28.699367', 6, '2026-02-06 21:04:28.699367', 'grooming', 'Cắt tỉa lông theo yêu cầu, tạo kiểu', '/assets/cattialong.jpg', 'Cắt tỉa lông');
INSERT INTO "public"."pet_services" VALUES (90, 220000.00, '2026-02-06 21:04:28.699367', 7, '2026-02-06 21:04:28.699367', 'grooming', 'Trọn gói tắm gội và cắt tỉa lông', '/assets/combotam.jpg', 'Combo tắm + cắt tỉa');
INSERT INTO "public"."pet_services" VALUES (15, 50000.00, '2026-02-06 21:04:28.699367', 8, '2026-02-06 21:04:28.699367', 'grooming', 'Vệ sinh tai, loại bỏ ráy tai an toàn', '/assets/vesinhcai.jpg', 'Vệ sinh tai');
INSERT INTO "public"."pet_services" VALUES (480, 150000.00, '2026-02-06 21:04:28.699367', 9, '2026-02-06 21:04:28.699367', 'boarding', 'Dịch vụ giữ thú cưng trong ngày', '/assets/khachsan.jpg', 'Khách sạn thú cưng (ngày)');
INSERT INTO "public"."pet_services" VALUES (1440, 250000.00, '2026-02-06 21:04:28.699367', 10, '2026-02-06 21:04:28.699367', 'boarding', 'Dịch vụ giữ thú cưng qua đêm', '/assets/khachsandem.jpg', 'Khách sạn thú cưng (đêm)');
INSERT INTO "public"."pet_services" VALUES (90, 500000.00, '2026-02-06 21:04:28.699367', 11, '2026-02-06 21:04:28.699367', 'training', 'Huấn luyện các lệnh cơ bản: ngồi, nằm, lại đây', '/assets/huanluyen.jpg', 'Huấn luyện cơ bản');
INSERT INTO "public"."pet_services" VALUES (120, 800000.00, '2026-02-06 21:04:28.699367', 12, '2026-02-06 21:04:28.699367', 'training', 'Huấn luyện các kỹ năng nâng cao cho chó', '/assets/huanluyennc.jpg', 'Huấn luyện nâng cao');

-- ----------------------------
-- Table structure for pets
-- ----------------------------
DROP TABLE IF EXISTS "public"."pets";
CREATE TABLE "public"."pets" (
  "age" int4,
  "weight" float8,
  "created_at" timestamp(6) NOT NULL,
  "id" int8 NOT NULL GENERATED BY DEFAULT AS IDENTITY (
INCREMENT 1
MINVALUE  1
MAXVALUE 9223372036854775807
START 1
CACHE 1
),
  "updated_at" timestamp(6),
  "user_id" int8 NOT NULL,
  "breed" varchar(255) COLLATE "pg_catalog"."default",
  "gender" varchar(255) COLLATE "pg_catalog"."default",
  "image_url" varchar(255) COLLATE "pg_catalog"."default",
  "name" varchar(255) COLLATE "pg_catalog"."default" NOT NULL,
  "notes" text COLLATE "pg_catalog"."default",
  "species" varchar(255) COLLATE "pg_catalog"."default" NOT NULL
)
;

-- ----------------------------
-- Records of pets
-- ----------------------------
INSERT INTO "public"."pets" VALUES (12, 12, '2026-04-15 14:53:09.763877', 1, '2026-04-15 14:53:09.763877', 4, 'con ngựa', 'MALE', 'https://res.cloudinary.com/dm1xwivqn/image/upload/v1776239588/PetsClinic/eybmc3t3s8pabpnbzqf3.jpg', 'zom', '', 'DOG');
INSERT INTO "public"."pets" VALUES (12, 12, '2026-04-15 14:53:27.093037', 2, '2026-04-15 14:53:27.093037', 4, 'chos', 'MALE', 'https://res.cloudinary.com/dm1xwivqn/image/upload/v1776239606/PetsClinic/hdfobfpwx5ndxtylgmai.webp', 'con chos', '', 'DOG');

-- ----------------------------
-- Table structure for products
-- ----------------------------
DROP TABLE IF EXISTS "public"."products";
CREATE TABLE "public"."products" (
  "price" numeric(10,2) NOT NULL,
  "stock" int4 NOT NULL,
  "created_at" timestamp(6) NOT NULL,
  "id" int8 NOT NULL GENERATED BY DEFAULT AS IDENTITY (
INCREMENT 1
MINVALUE  1
MAXVALUE 9223372036854775807
START 1
CACHE 1
),
  "updated_at" timestamp(6),
  "brand" varchar(255) COLLATE "pg_catalog"."default",
  "category" varchar(255) COLLATE "pg_catalog"."default" NOT NULL,
  "description" text COLLATE "pg_catalog"."default",
  "image_url" varchar(255) COLLATE "pg_catalog"."default",
  "material" varchar(255) COLLATE "pg_catalog"."default",
  "name" varchar(255) COLLATE "pg_catalog"."default" NOT NULL,
  "volume" varchar(255) COLLATE "pg_catalog"."default",
  "weight" varchar(255) COLLATE "pg_catalog"."default"
)
;

-- ----------------------------
-- Records of products
-- ----------------------------

-- ----------------------------
-- Table structure for users
-- ----------------------------
DROP TABLE IF EXISTS "public"."users";
CREATE TABLE "public"."users" (
  "created_at" timestamp(6) NOT NULL,
  "id" int8 NOT NULL GENERATED BY DEFAULT AS IDENTITY (
INCREMENT 1
MINVALUE  1
MAXVALUE 9223372036854775807
START 1
CACHE 1
),
  "updated_at" timestamp(6),
  "address" varchar(255) COLLATE "pg_catalog"."default",
  "email" varchar(255) COLLATE "pg_catalog"."default" NOT NULL,
  "full_name" varchar(255) COLLATE "pg_catalog"."default" NOT NULL,
  "password" varchar(255) COLLATE "pg_catalog"."default" NOT NULL,
  "phone" varchar(255) COLLATE "pg_catalog"."default",
  "role" varchar(255) COLLATE "pg_catalog"."default" NOT NULL,
  "status" varchar(255) COLLATE "pg_catalog"."default" NOT NULL
)
;

-- ----------------------------
-- Records of users
-- ----------------------------
INSERT INTO "public"."users" VALUES ('2026-04-15 14:47:35.870799', 1, '2026-04-15 14:47:35.871797', '123 Test Street', 'test@example.com', 'Test User', 'password123', '0123456789', 'USER', 'ACTIVE');
INSERT INTO "public"."users" VALUES ('2026-04-15 14:47:36.060991', 2, '2026-04-15 14:47:36.060991', NULL, 'admin@petclinic.com', 'Admin', 'admin123', NULL, 'ADMIN', 'ACTIVE');
INSERT INTO "public"."users" VALUES ('2026-04-15 14:47:36.06893', 3, '2026-04-15 14:47:36.06893', NULL, 'doctor@petclinic.com', 'BS. Nguyễn Văn An', 'doctor123', NULL, 'DOCTOR', 'ACTIVE');
INSERT INTO "public"."users" VALUES ('2026-04-15 14:52:25.422704', 4, '2026-04-15 14:52:25.422704', NULL, 'duongproduction29@gmail.com', 'Dương Production', 'GOOGLE_AUTH', NULL, 'USER', 'ACTIVE');

-- ----------------------------
-- Alter sequences owned by
-- ----------------------------
ALTER SEQUENCE "public"."appointments_id_seq"
OWNED BY "public"."appointments"."id";
SELECT setval('"public"."appointments_id_seq"', 2, true);

-- ----------------------------
-- Alter sequences owned by
-- ----------------------------
ALTER SEQUENCE "public"."cart_items_id_seq"
OWNED BY "public"."cart_items"."id";
SELECT setval('"public"."cart_items_id_seq"', 1, false);

-- ----------------------------
-- Alter sequences owned by
-- ----------------------------
ALTER SEQUENCE "public"."carts_id_seq"
OWNED BY "public"."carts"."id";
SELECT setval('"public"."carts_id_seq"', 3, true);

-- ----------------------------
-- Alter sequences owned by
-- ----------------------------
ALTER SEQUENCE "public"."medical_records_id_seq"
OWNED BY "public"."medical_records"."id";
SELECT setval('"public"."medical_records_id_seq"', 2, true);

-- ----------------------------
-- Alter sequences owned by
-- ----------------------------
ALTER SEQUENCE "public"."order_items_id_seq"
OWNED BY "public"."order_items"."id";
SELECT setval('"public"."order_items_id_seq"', 1, false);

-- ----------------------------
-- Alter sequences owned by
-- ----------------------------
ALTER SEQUENCE "public"."orders_id_seq"
OWNED BY "public"."orders"."id";
SELECT setval('"public"."orders_id_seq"', 1, false);

-- ----------------------------
-- Alter sequences owned by
-- ----------------------------
ALTER SEQUENCE "public"."pet_services_id_seq"
OWNED BY "public"."pet_services"."id";
SELECT setval('"public"."pet_services_id_seq"', 1, false);

-- ----------------------------
-- Alter sequences owned by
-- ----------------------------
ALTER SEQUENCE "public"."pets_id_seq"
OWNED BY "public"."pets"."id";
SELECT setval('"public"."pets_id_seq"', 2, true);

-- ----------------------------
-- Alter sequences owned by
-- ----------------------------
ALTER SEQUENCE "public"."products_id_seq"
OWNED BY "public"."products"."id";
SELECT setval('"public"."products_id_seq"', 1, false);

-- ----------------------------
-- Alter sequences owned by
-- ----------------------------
ALTER SEQUENCE "public"."users_id_seq"
OWNED BY "public"."users"."id";
SELECT setval('"public"."users_id_seq"', 4, true);

-- ----------------------------
-- Auto increment value for appointments
-- ----------------------------
SELECT setval('"public"."appointments_id_seq"', 2, true);

-- ----------------------------
-- Checks structure for table appointments
-- ----------------------------
ALTER TABLE "public"."appointments" ADD CONSTRAINT "appointments_status_check" CHECK (status::text = ANY (ARRAY['PENDING'::character varying, 'CONFIRMED'::character varying, 'COMPLETED'::character varying, 'CANCELLED'::character varying]::text[]));

-- ----------------------------
-- Primary Key structure for table appointments
-- ----------------------------
ALTER TABLE "public"."appointments" ADD CONSTRAINT "appointments_pkey" PRIMARY KEY ("id");

-- ----------------------------
-- Auto increment value for cart_items
-- ----------------------------
SELECT setval('"public"."cart_items_id_seq"', 1, false);

-- ----------------------------
-- Uniques structure for table cart_items
-- ----------------------------
ALTER TABLE "public"."cart_items" ADD CONSTRAINT "cart_items_cart_id_product_id_key" UNIQUE ("cart_id", "product_id");
ALTER TABLE "public"."cart_items" ADD CONSTRAINT "uk6oue0maw421roerltnxn16a38" UNIQUE ("cart_id", "product_id");

-- ----------------------------
-- Primary Key structure for table cart_items
-- ----------------------------
ALTER TABLE "public"."cart_items" ADD CONSTRAINT "cart_items_pkey" PRIMARY KEY ("id");

-- ----------------------------
-- Auto increment value for carts
-- ----------------------------
SELECT setval('"public"."carts_id_seq"', 3, true);

-- ----------------------------
-- Uniques structure for table carts
-- ----------------------------
ALTER TABLE "public"."carts" ADD CONSTRAINT "carts_user_id_key" UNIQUE ("user_id");

-- ----------------------------
-- Primary Key structure for table carts
-- ----------------------------
ALTER TABLE "public"."carts" ADD CONSTRAINT "carts_pkey" PRIMARY KEY ("id");

-- ----------------------------
-- Auto increment value for medical_records
-- ----------------------------
SELECT setval('"public"."medical_records_id_seq"', 2, true);

-- ----------------------------
-- Uniques structure for table medical_records
-- ----------------------------
ALTER TABLE "public"."medical_records" ADD CONSTRAINT "medical_records_appointment_id_key" UNIQUE ("appointment_id");

-- ----------------------------
-- Primary Key structure for table medical_records
-- ----------------------------
ALTER TABLE "public"."medical_records" ADD CONSTRAINT "medical_records_pkey" PRIMARY KEY ("id");

-- ----------------------------
-- Auto increment value for order_items
-- ----------------------------
SELECT setval('"public"."order_items_id_seq"', 1, false);

-- ----------------------------
-- Primary Key structure for table order_items
-- ----------------------------
ALTER TABLE "public"."order_items" ADD CONSTRAINT "order_items_pkey" PRIMARY KEY ("id");

-- ----------------------------
-- Auto increment value for orders
-- ----------------------------
SELECT setval('"public"."orders_id_seq"', 1, false);

-- ----------------------------
-- Uniques structure for table orders
-- ----------------------------
ALTER TABLE "public"."orders" ADD CONSTRAINT "orders_order_number_key" UNIQUE ("order_number");

-- ----------------------------
-- Checks structure for table orders
-- ----------------------------
ALTER TABLE "public"."orders" ADD CONSTRAINT "orders_payment_status_check" CHECK (payment_status::text = ANY (ARRAY['PENDING'::character varying, 'PAID'::character varying, 'FAILED'::character varying]::text[]));
ALTER TABLE "public"."orders" ADD CONSTRAINT "orders_status_check" CHECK (status::text = ANY (ARRAY['PENDING'::character varying, 'PROCESSING'::character varying, 'SHIPPED'::character varying, 'DELIVERED'::character varying, 'CANCELLED'::character varying]::text[]));

-- ----------------------------
-- Primary Key structure for table orders
-- ----------------------------
ALTER TABLE "public"."orders" ADD CONSTRAINT "orders_pkey" PRIMARY KEY ("id");

-- ----------------------------
-- Auto increment value for pet_services
-- ----------------------------
SELECT setval('"public"."pet_services_id_seq"', 1, false);

-- ----------------------------
-- Primary Key structure for table pet_services
-- ----------------------------
ALTER TABLE "public"."pet_services" ADD CONSTRAINT "pet_services_pkey" PRIMARY KEY ("id");

-- ----------------------------
-- Auto increment value for pets
-- ----------------------------
SELECT setval('"public"."pets_id_seq"', 2, true);

-- ----------------------------
-- Checks structure for table pets
-- ----------------------------
ALTER TABLE "public"."pets" ADD CONSTRAINT "pets_species_check" CHECK (species::text = ANY (ARRAY['DOG'::character varying, 'CAT'::character varying, 'BIRD'::character varying, 'RABBIT'::character varying, 'HAMSTER'::character varying, 'OTHER'::character varying]::text[]));
ALTER TABLE "public"."pets" ADD CONSTRAINT "pets_gender_check" CHECK (gender::text = ANY (ARRAY['MALE'::character varying, 'FEMALE'::character varying]::text[]));

-- ----------------------------
-- Primary Key structure for table pets
-- ----------------------------
ALTER TABLE "public"."pets" ADD CONSTRAINT "pets_pkey" PRIMARY KEY ("id");

-- ----------------------------
-- Auto increment value for products
-- ----------------------------
SELECT setval('"public"."products_id_seq"', 1, false);

-- ----------------------------
-- Primary Key structure for table products
-- ----------------------------
ALTER TABLE "public"."products" ADD CONSTRAINT "products_pkey" PRIMARY KEY ("id");

-- ----------------------------
-- Auto increment value for users
-- ----------------------------
SELECT setval('"public"."users_id_seq"', 4, true);

-- ----------------------------
-- Uniques structure for table users
-- ----------------------------
ALTER TABLE "public"."users" ADD CONSTRAINT "users_email_key" UNIQUE ("email");

-- ----------------------------
-- Checks structure for table users
-- ----------------------------
ALTER TABLE "public"."users" ADD CONSTRAINT "users_role_check" CHECK (role::text = ANY (ARRAY['USER'::character varying, 'ADMIN'::character varying, 'DOCTOR'::character varying]::text[]));
ALTER TABLE "public"."users" ADD CONSTRAINT "users_status_check" CHECK (status::text = ANY (ARRAY['ACTIVE'::character varying, 'INACTIVE'::character varying]::text[]));

-- ----------------------------
-- Primary Key structure for table users
-- ----------------------------
ALTER TABLE "public"."users" ADD CONSTRAINT "users_pkey" PRIMARY KEY ("id");

-- ----------------------------
-- Foreign Keys structure for table appointment_services
-- ----------------------------
ALTER TABLE "public"."appointment_services" ADD CONSTRAINT "fk7smp9csy21h26g51aii9gvfn8" FOREIGN KEY ("appointment_id") REFERENCES "public"."appointments" ("id") ON DELETE NO ACTION ON UPDATE NO ACTION;
ALTER TABLE "public"."appointment_services" ADD CONSTRAINT "fksur5ashgueygkm7jameh178k5" FOREIGN KEY ("service_id") REFERENCES "public"."pet_services" ("id") ON DELETE NO ACTION ON UPDATE NO ACTION;

-- ----------------------------
-- Foreign Keys structure for table appointments
-- ----------------------------
ALTER TABLE "public"."appointments" ADD CONSTRAINT "fk62dl3dvwsbveq3vv067becwmj" FOREIGN KEY ("pet_id") REFERENCES "public"."pets" ("id") ON DELETE NO ACTION ON UPDATE NO ACTION;
ALTER TABLE "public"."appointments" ADD CONSTRAINT "fk6u6s6egu60m2cbdjno44jbipa" FOREIGN KEY ("doctor_id") REFERENCES "public"."users" ("id") ON DELETE NO ACTION ON UPDATE NO ACTION;
ALTER TABLE "public"."appointments" ADD CONSTRAINT "fk886ced1atxgvnf1o3oxtj5m4s" FOREIGN KEY ("user_id") REFERENCES "public"."users" ("id") ON DELETE NO ACTION ON UPDATE NO ACTION;

-- ----------------------------
-- Foreign Keys structure for table cart_items
-- ----------------------------
ALTER TABLE "public"."cart_items" ADD CONSTRAINT "fk1re40cjegsfvw58xrkdp6bac6" FOREIGN KEY ("product_id") REFERENCES "public"."products" ("id") ON DELETE NO ACTION ON UPDATE NO ACTION;
ALTER TABLE "public"."cart_items" ADD CONSTRAINT "fkpcttvuq4mxppo8sxggjtn5i2c" FOREIGN KEY ("cart_id") REFERENCES "public"."carts" ("id") ON DELETE NO ACTION ON UPDATE NO ACTION;

-- ----------------------------
-- Foreign Keys structure for table carts
-- ----------------------------
ALTER TABLE "public"."carts" ADD CONSTRAINT "fkb5o626f86h46m4s7ms6ginnop" FOREIGN KEY ("user_id") REFERENCES "public"."users" ("id") ON DELETE NO ACTION ON UPDATE NO ACTION;

-- ----------------------------
-- Foreign Keys structure for table medical_records
-- ----------------------------
ALTER TABLE "public"."medical_records" ADD CONSTRAINT "fkifeec8p5v06rt258odelw8s7j" FOREIGN KEY ("appointment_id") REFERENCES "public"."appointments" ("id") ON DELETE NO ACTION ON UPDATE NO ACTION;

-- ----------------------------
-- Foreign Keys structure for table order_items
-- ----------------------------
ALTER TABLE "public"."order_items" ADD CONSTRAINT "fkbioxgbv59vetrxe0ejfubep1w" FOREIGN KEY ("order_id") REFERENCES "public"."orders" ("id") ON DELETE NO ACTION ON UPDATE NO ACTION;
ALTER TABLE "public"."order_items" ADD CONSTRAINT "fkocimc7dtr037rh4ls4l95nlfi" FOREIGN KEY ("product_id") REFERENCES "public"."products" ("id") ON DELETE NO ACTION ON UPDATE NO ACTION;

-- ----------------------------
-- Foreign Keys structure for table orders
-- ----------------------------
ALTER TABLE "public"."orders" ADD CONSTRAINT "fk32ql8ubntj5uh44ph9659tiih" FOREIGN KEY ("user_id") REFERENCES "public"."users" ("id") ON DELETE NO ACTION ON UPDATE NO ACTION;

-- ----------------------------
-- Foreign Keys structure for table pets
-- ----------------------------
ALTER TABLE "public"."pets" ADD CONSTRAINT "fkc47kjb41qf50bwgddm024m5xn" FOREIGN KEY ("user_id") REFERENCES "public"."users" ("id") ON DELETE NO ACTION ON UPDATE NO ACTION;
